A	GCT	I34
A	GCC	missing
A	GCA	xcm5U34
A	GCG	N34
C	TGT	missing
C	TGC	N34
D	GAT	missing
D	GAC	Q34
E	GAA	xcm5U34
E	GAG	N34
F	TTC	mG34
F	TTT	missing
G	GGT	missing
G	GGC	N34
G	GGA	xcm5U34
G	GGG	N34
H	CAT	missing
H	CAC	Q34
I	ATT	I34
I	ATC	missing
I	ATA	psi34
K	AAA	xcm5U34
K	AAG	N34
L	CTT	I34
L	CTC	missing
L	CTA	N34
L	CTG	N34
L	TTG	N34
L	TTA	xcm5U34
M	ATG	N34
N	AAT	missing
N	AAC	Q34
P	CCT	I34
P	CCC	missing
P	CCA	xcm5U34
P	CCG	N34
Q	CAA	xcm5U34
Q	CAG	N34
R	CGT	I34
R	CGC	missing
R	CGA	N34
R	CGG	N34
R	AGG	N34
R	AGA	xcm5U34
S	TCA	xcm5U34
S	TCG	N34
S	TCT	I34
S	TCC	missing
S	AGC	N34
S	AGT	missing
T	ACT	I34
T	ACC	missing
T	ACA	xcm5U34
T	ACG	N34
V	GTT	I34
V	GTC	missing
V	GTA	xcm5U34
V	GTG	N34
W	TGG	mC34
Y	TAT	missing
Y	TAC	Q34
*	TAA	N34
*	TAG	N34
*	TGA	N34
